Company Name;Specialized In;Address;Phone1;Phone2;Phone3;Phone4;Phone5;Email;Web;FB;LinkedIn
CDS SHIP CHANDLER;"Boat Services, 
Bunkering, 
Calibration Services, 
Diving & Underwater Services, 
Fire Fighting Equipment Services, 
Forwarding & Logistics Services, 
Life Saving Equipment Services, 
Recruitment & Manning Services, 
Remote Surveys & Inspections, 
Safety & Technical Inspections";Head Office: Carrefour Samuel Eto’o Fils Bonamoussadi, Douala Cameroon;"""Office: (+237) 233 478 787""";"""Whatsapp : (+237) 661 735 050""";"""WeChat: (+237) 671 083 030""";"""Viber : (+237) 661 735 050""";No data;supply@cameroondivingservices.com;https://www.cmrshipchandling.com/;https://www.facebook.com/cameroondivingservice;https://www.linkedin.com/company/cameroondivingservicesltd/
TROPICAL Ship Supply Ltd.;"Boat Services, 
Forwarding & Logistics Services, 
Life Saving Equipment Services, 
Ship Spares & Stores, 
Accomodation Stores, 
Cargo Handling Equipment, 
Chemical Products, 
Deck & Hatch Equipment, 
Electrical Spares & Stores, 
Engine Spares & Stores";Rua Netuno, #5, Recanto dos Vinhais - Zip Code: 65-070-370 Sao Luis, MA - Brazil;"""+55 98 98190 2249""";"""+55 98 3042 0252""";No data;No data;No data;sales@tropicalshipsupply.com;http://www.tropicalshipsupply.com;https://www.facebook.com/tropical.shipsupply/;https://www.linkedin.com/company/tropical-ship-supply/about/
SHIP CHANDLER TURKEY;"Forwarding & Logistics Services, 
Life Saving Equipment Services, 
Ship Spares & Stores, 
Chemical Products, 
Deck & Hatch Equipment, 
Electrical Spares & Stores, 
Engine Spares & Stores, 
Gases, 
IT Equipment, 
Provisions";Head Office: Evliya Çelebi Mh. Genç Osman Cd. No:45/D / Postal Code: 34944 Tuzla, Istanbul / TURKIYE;"""+90 216 701 2706 Direct""";"""+90 216 447 5312 Fax""";"""+905330640827 GSM""";No data;No data;info@shipchandlerturkey.com;https://www.shipchandlerturkey.com/;No data;No data
Worldwide Ship Service;"Boat Services, 
Bunkering, 
Diving & Underwater Services, 
Drones Inspections, 
Fire Fighting Equipment Services, 
Forwarding & Logistics Services, 
Inventory of Hazardous Materials, 
Life Saving Equipment Services, 
NDT (Non-Destructive Testing), 
OWS & ODME services";Evliya çelebi mah. Genç osman cad. No:45/4 Tuzla / Istanbul;"""+90 216 582 00 97""";"""+90 216 582 00 98""";"""+90 216 582 00 18 (Fax)""";No data;No data;agency@worldwide-shipservice.com;http://www.worldwide-shipservice.com/;https://www.facebook.com/Mr-104824957593080/;https://www.linkedin.com/in/worldwide-ship-service-230272195/
Besiktas Marine Service Trading Co. Ltd.;"Diving & Underwater Services, 
Life Saving Equipment Services, 
Ship Agency Services, 
Ship Spares & Stores, 
Accomodation Stores, 
Air Conditioning Equipment, 
Boilers & Heating Equipment, 
Cargo Handling Equipment, 
Chemical Products, 
Container Equipment";Evliya Celebi Mahale Genc Osman Caddesi No:45 / C 34944 Turkey;"""+90 216 701 15 05""";No data;No data;No data;No data;reina@besiktasmarine.com;http://besiktasmarine.com/;https://www.facebook.com/besiktasmarine;No data
Concorde Marine Services & Supplies;"Boat Services, 
Bunkering, 
Diving & Underwater Services, 
Forwarding & Logistics Services, 
Ship Agency Services, 
Ship Spares & Stores, 
Accomodation Stores, 
Chemical Products, 
Deck & Hatch Equipment, 
Electrical Spares & Stores";Ahmed Maher, st., Elbazar st, Beside Suez Canal Authority- Port said, Egypt;"""+20 66 326 2436""";No data;No data;No data;No data;sales@concorde-marine.com;https://concorde-marine.com/;No data;No data
TECH CARE (ISRAEL);"Boat Services, 
Calibration Services, 
Fire Fighting Equipment Services, 
Forwarding & Logistics Services, 
Life Saving Equipment Services, 
Ship Spares & Stores, 
Accomodation Stores, 
Air Conditioning Equipment, 
Ballast Equipment, 
Cargo Handling Equipment";Ofir 8 St., 3223508 Hof Shemen - Industrial Zone, Haifa, Israel;"""+972-52-4818026""";No data;No data;No data;No data;techcaremarine@gmail.com;No data;No data;No data
Panama Ship Supply Maritime Services;"Ship Spares & Stores, 
Accomodation Stores, 
Chemical Products, 
Deck & Hatch Equipment, 
Electrical Spares & Stores, 
Engine Spares & Stores, 
Fire Fighting Equipment, 
Galley Equipment, 
Gases, 
IT Equipment";Plaza PanCanal Suite 5, Albrook, Panama City, Panama;"""+507 6949-4193 (24/7)""";No data;No data;No data;No data;hello@pss-services.com;http://pss-services.com/;No data;No data
NOVOSHIPSERVICE, Ltd.;"Boat Services, 
Ship Spares & Stores, 
Accomodation Stores, 
Chemical Products, 
Deck & Hatch Equipment, 
Electrical Spares & Stores, 
Engine Spares & Stores, 
Gases, 
IT Equipment, 
Life Saving Equipment";Off. 215, 7, Engels Str., Novorossiysk, 353900 Russia;"""+7 (918) 489-76-26""";No data;No data;No data;No data;novoshipservice@gmail.com;http://novoshipservice.ru/;No data;No data
TRIBECA SHIPPING AGENCY INC.;"Boat Services, 
Bunkering, 
Forwarding & Logistics Services, 
Recruitment & Manning Services, 
Ship Agency Services, 
Ship Spares & Stores, 
Accomodation Stores, 
Deck & Hatch Equipment, 
Electrical Spares & Stores, 
Engine Spares & Stores";Omer Avni Mh. Prof. Dr. Tarık Zafer Tunaya Sk. No: 14/12 Beyoglu Istanbul, Turkey;"""+90 212 252 71 72""";"""+90 212 252 71 74""";No data;No data;No data;ops@tribecashipping.com;http://tribecashipping.com/;No data;No data
NORTA MIT GmbH;"Forwarding & Logistics Services, 
Ship Spares & Stores, 
Accomodation Stores, 
Air Conditioning Equipment, 
Ballast Equipment, 
Boilers & Heating Equipment, 
Cargo Handling Equipment, 
Chemical Products, 
Container Equipment, 
Deck & Hatch Equipment";Humboldtstrasse 9, 22083, Hamburg, Germany;"""+49 40 2076973""";"""+49 40 20769744""";No data;No data;No data;sales@norta.net;http://norta.net/;No data;No data
Limani Ship Supply;"Forwarding & Logistics Services, 
Ship Spares & Stores, 
Accomodation Stores, 
Chemical Products, 
Deck & Hatch Equipment, 
Electrical Spares & Stores, 
Engine Spares & Stores, 
Fire Fighting Equipment, 
Galley Equipment, 
Gases";HQ: Calle Poeta Joan Maragall, nº60 28002 Madrid (ES) SPAIN;"""+34 91 9011 849""";No data;No data;No data;No data;info@limanisupply.com;https://www.limanisupply.com/;No data;No data
SAFETY OCEAN CO., LIMITED;"Calibration Services, 
Fire Fighting Equipment Services, 
Forwarding & Logistics Services, 
Life Saving Equipment Services, 
OWS & ODME services, 
Radio & Navigation Services, 
Safety & Technical Inspections, 
Ship Spares & Stores, 
Accomodation Stores, 
Deck & Hatch Equipment";4th building, No.19 XinFeng Street, GanJingZi District, Dalian, China, 116039;"""+86-411-86736636""";No data;No data;No data;No data;info@safetyocean.com;http://www.safetyocean.com/;No data;No data
ANS MARINE TECHNICAL CO., LTD;"Calibration Services, 
Fire Fighting Equipment Services, 
Forwarding & Logistics Services, 
Life Saving Equipment Services, 
Radio & Navigation Services, 
Ship Spares & Stores, 
Accomodation Stores, 
Air Conditioning Equipment, 
Ballast Equipment, 
Boilers & Heating Equipment";No. 222, Wenchuan Road, Huangpu District, Guangzhou, China;"""(0086) 32019368 801""";"""(0086) 32019368 804""";"""+86 13763389422""";No data;No data;service@ansmarine.com;http://www.ansmarine.com/;No data;No data
Bodursan Shipping Agency Technical Supply Service Trading Co. Ltd.;"Boat Services, 
Calibration Services, 
Fire Fighting Equipment Services, 
Forwarding & Logistics Services, 
Life Saving Equipment Services, 
NDT (Non-Destructive Testing), 
Radio & Navigation Services, 
Recruitment & Manning Services, 
Remote Surveys & Inspections, 
Safety & Technical Inspections";Postane Mah. Muhacir Sok. No : 11 Kat : 4 Tuzla - Istanbul / Turkey;"""+90 2163954747""";"""+90 5423170217 GSM""";No data;No data;No data;info@bodursan.com.tr;https://bodursan.com.tr/;No data;No data
Sanwa Commercial Co., Ltd.;"Ship Spares & Stores, 
Accomodation Stores, 
Deck & Hatch Equipment, 
Electrical Spares & Stores, 
Engine Spares & Stores, 
Fire Fighting Equipment, 
Galley Equipment, 
Gases, 
IT Equipment, 
Life Saving Equipment";Head office: 13-20 IRIEOKA-CHO, SHIMIZU-KU, SHIZUOKA-CITY, SHIZUOKA 424-0839, JAPAN;"""054-353-6121""";"""054 1111 2222""";No data;No data;No data;sanwasky@scc-sanwa.co.jp;https://scc-sanwa.co.jp/;No data;No data
CV SONA LIMA INDONESIA;"Boat Services, 
Diving & Underwater Services, 
Ship Spares & Stores, 
Accomodation Stores, 
Deck & Hatch Equipment, 
Electrical Spares & Stores, 
Engine Spares & Stores, 
Fire Fighting Equipment, 
Galley Equipment, 
IT Equipment";RUKO GADING MEDITERANIAN BLOK A NO 1 KELAPA GADING BARAT JAKARTA UTARA Indonesia;"""(+62) 622 9818 1989""";"""(021) 430 7379""";No data;No data;No data;Solindo.supply@gmail.com;No data;No data;No data
UNIVERSAL SHIP CHANDLERS;"Ship Spares & Stores, 
Provisions";-;"""+27(0) 31 301 2198""";No data;No data;No data;No data;ismail@universalshipchandlers.com;No data;No data;No data
European Marine Services;"Fire Fighting Equipment Services, 
Forwarding & Logistics Services, 
Life Saving Equipment Services, 
Radio & Navigation Services, 
Ship Spares & Stores, 
Accomodation Stores, 
Air Conditioning Equipment, 
Cargo Handling Equipment, 
Deck & Hatch Equipment, 
Electrical Spares & Stores";Ground Floor Office #16 Ayub Plaza Humayun Khan Road, Keamari Karachi 75620 Pakistan;"""+92 21 32857121""";"""+92 21 32859605""";"""+92 21 32854540""";"""+92 343 2857138""";"""+92 333 2365221""";"info@european-marine.net.pk; Euro.shipchandler@cyber.net.pk; em.shipservice@gmail.com";http://www.european-marine.net.pk;No data;No data
Seacurve Global Services;"Bunkering, 
Life Saving Equipment Services, 
Ship Spares & Stores, 
Accomodation Stores, 
Deck & Hatch Equipment, 
Fire Fighting Equipment, 
Galley Equipment, 
Life Saving Equipment, 
Luboils, 
Medical Supply";Corporate Head Office:     Nigeria: 11 Queen's Barracks Road, Apapa, Lagos / Branch Operations Offices: Cotonuo, Benin         Lome, Togo / Other Business Coverage Areas: Douala & Limbe - Cameroon.;"""+234 (0) 809 9400 570""";"""+234 (0) 803 0789 340""";No data;No data;No data;supply@seacurveglobal.com;https://www.seacurveglobal.com/;No data;No data
KMD Shipping;"Boat Services, 
Safety & Technical Inspections, 
Ship Spares & Stores, 
Accomodation Stores, 
Deck & Hatch Equipment, 
Electrical Spares & Stores, 
Engine Spares & Stores, 
Fire Fighting Equipment, 
Galley Equipment, 
Gases";Oliwska 85, Gdansk, Poland;"""+48 600 430 573""";"""+ 48 664 647 656""";"""+ 48 694 540 583""";No data;No data;kmdshipping@kmdshipping.pl;http://kmdshipping.pl/;No data;No data
Morgan 4 Ship Srl;"Forwarding & Logistics Services, 
Ship Spares & Stores, 
Accomodation Stores, 
Deck & Hatch Equipment, 
Electrical Spares & Stores, 
Engine Spares & Stores, 
Fire Fighting Equipment, 
Galley Equipment, 
Gases, 
IT Equipment";Morgan 4Ship S.r.l. Ship supplies & Logistic services  Piazza Porto Cervo 100  IT-56053 Navacchio – Cascina (PI) (Livorno port area) Italy;"""+39 050 751841""";No data;No data;No data;No data;sales@morgan4ship.com;https://morgan4ship.com/;No data;No data
Antelope Engineering Pty Ltd;"OWS & ODME services, 
Ship Spares & Stores, 
Accomodation Stores, 
Deck & Hatch Equipment, 
Electrical Spares & Stores, 
Fire Fighting Equipment, 
Life Saving Equipment, 
Propulsion Equipment, 
Provisions, 
Yacht Equipment & Consumables";Unit 9, 12-18 Clarendon Street Artarmon NSW, 2064 Australia;"""+61 2 9437 5300""";No data;No data;No data;No data;antelope@antelope.com.au;http://antelope.com.au/;No data;No data
Link Ship Chandlers;"Ship Spares & Stores, 
Accomodation Stores, 
Deck & Hatch Equipment, 
Electrical Spares & Stores, 
Engine Spares & Stores, 
Galley Equipment, 
Life Saving Equipment, 
Medical Supply, 
Mooring Equipment, 
Paint";Head Office: 4 Link Road, Mansfield Industrial, Gordon’s Bay, South Africa;"""+27 (0) 21 856 3937""";"""+27 (0) 82 448 1239""";No data;No data;No data;capetown@shipchandlers.co.za;https://www.shipchandlers.co.za/;No data;No data
Marintech Marine Ship Supplier & Technical Repairs;"Boat Services, 
Forwarding & Logistics Services, 
Inventory of Hazardous Materials, 
Radio & Navigation Services, 
Recruitment & Manning Services, 
Safety & Technical Inspections, 
Ship Spares & Stores, 
Accomodation Stores, 
Chemical Products, 
Deck & Hatch Equipment";Cay Mah. 5 Temmuz Cd. No:23/D İSKENDERUN / HATAY / TURKEY;"""+90326 614 77 22""";"""+90 530 288 74 77 GSM (MOBIL)""";"""+90 542 265 18 20 CHF-ENG (MOBIL)""";No data;No data;info@marintechmarine.com;https://marintechmarine.com/;No data;No data
ANTARES SHIPPING AGENCIES CO;"Boat Services, 
Forwarding & Logistics Services, 
Ship Agency Services, 
Ship Spares & Stores, 
Accomodation Stores, 
Chemical Products, 
Deck & Hatch Equipment, 
Electrical Spares & Stores, 
Engine Spares & Stores, 
Fire Fighting Equipment";El Fanarat St, Gate No. 9, El Dobbat Building No. 5, Port Tawfik, Suez, Egypt;"""+201223242093""";"""+447978254338""";No data;No data;No data;"antaresshipping@antaresshipping.com.eg; operation@antaressuez.com";http://www.antaresegypt.com.eg/;No data;No data
Maritime Stores Suppliers;"Boat Services, 
Calibration Services, 
Forwarding & Logistics Services, 
Ship Spares & Stores, 
Accomodation Stores, 
Deck & Hatch Equipment, 
Electrical Spares & Stores, 
Engine Spares & Stores, 
Galley Equipment, 
Life Saving Equipment";PH Bay View, Balboa Ave., Panama City, Panama;"""+507 382.3818 - 24hr""";"""+507 600.39999""";No data;No data;No data;mst@mstsuppliers.com;https://www.mstsuppliers.com/;No data;No data
C.I. MAMBO S.A.S.;"Ship Spares & Stores, 
Accomodation Stores, 
Chemical Products, 
Deck & Hatch Equipment, 
Electrical Spares & Stores, 
Engine Spares & Stores, 
Fire Fighting Equipment, 
Galley Equipment, 
Mooring Equipment, 
Paint";Cartagena, Colombia;"""+57 (5) 6583394""";"""310 4094789""";"""314 5960888""";No data;No data;comercial@mambo.com.co;http://mamboshipchandler.com;No data;No data
Sayem Marine Services Nig. Ltd.;"Bunkering, 
Fire Fighting Equipment Services, 
Life Saving Equipment Services, 
Recruitment & Manning Services, 
Ship Agency Services, 
Ship Spares & Stores, 
Accomodation Stores, 
Chemical Products, 
Deck & Hatch Equipment, 
Electrical Spares & Stores";19A, Azare Crescent. off Liverpool, Apapa, Lagos, Nigeria;"""+234 (0) 70 396 246 94""";"""+234 (0) 81 676 02 134""";"""+234 (0) 80 205 158 91""";No data;No data;"info@sayemmarineservices.com; sayemmarineservices1@gmail.com";No data;No data;No data
Help Marine & Supplier Import and Export Maritime Products Ltda;"Ship Spares & Stores, 
Accomodation Stores, 
Deck & Hatch Equipment, 
Electrical Spares & Stores, 
Engine Spares & Stores, 
Galley Equipment, 
Provisions, 
Yacht Equipment & Consumables";Praca Correia Melo, Number 10, Centro-Santos/SP, Brasil, 1101 3220;"""+55 13 3219 1333""";No data;No data;No data;No data;"supervisao@helpmarine.com.br; representative@helpmarine.com.br";http://www.helpmarine.com.br/;No data;No data
N&P Maritime und Industrietechnik GmbH;"Life Saving Equipment Services, 
Ship Spares & Stores, 
Accomodation Stores, 
Deck & Hatch Equipment, 
Electrical Spares & Stores, 
Engine Spares & Stores, 
Fire Fighting Equipment, 
Galley Equipment, 
IT Equipment, 
Life Saving Equipment";Sachsenring 11, 27711 Osterholz-Scharmbeck, Germany;"""+49 4795 - 24 888 00""";"""+49 4795 - 24 888 11""";No data;No data;No data;mail@npmarine.com;https://www.npmarine.com/;No data;No data
ZIPA Marine Wholesale Limited;"Forwarding & Logistics Services, 
Ship Spares & Stores, 
Accomodation Stores, 
Deck & Hatch Equipment, 
Galley Equipment, 
Provisions";-;"""+86 21 5522 5218""";"""+86 513 8281 0818""";No data;No data;No data;zipa@zipadc.com;http://zipadc.com/;No data;No data
Arven International Ship Supply Co.;"Safety & Technical Inspections, 
Ship Spares & Stores, 
Accomodation Stores, 
Chemical Products, 
Deck & Hatch Equipment, 
Electrical Spares & Stores, 
Engine Spares & Stores, 
Fire Fighting Equipment, 
Galley Equipment, 
Gases";Ataturk Mah. 361 Sok. No.:1/A Aliaga/IZMIR - Turkey;"""+90 (232) 616 0387""";"""+90 (543) 615 0603 (Whatsapp-24 Hours)""";No data;No data;No data;arven@arvenshipsupply.com;http://www.arvenshipsupply.com/;No data;No data
Australian Providoring & Trading Co.;"Ship Spares & Stores, 
Accomodation Stores, 
Deck & Hatch Equipment, 
Electrical Spares & Stores, 
Engine Spares & Stores, 
Fire Fighting Equipment, 
Galley Equipment, 
Gases, 
IT Equipment, 
Life Saving Equipment";Unit 5, 459 Tufnell Road, Banyo, Queensland 4014, Australia;"""+61 7 3267 0600""";"""+61 412 749 569 (AOH)""";No data;No data;No data;shipsup@marinesupply.com.au;https://www.marinesupply.com.au/;No data;No data
VS Ship Supplier;"Ship Spares & Stores, 
Accomodation Stores, 
Deck & Hatch Equipment, 
Electrical Spares & Stores, 
Engine Spares & Stores, 
Galley Equipment, 
IT Equipment, 
Life Saving Equipment, 
Luboils, 
Provisions";Avda. Brickman 1763 CP 8000 I Bahía Blanca I Buenos Aires I Argentina;"""+54 291 154 137 886""";"""+54 291 4 137 886""";No data;No data;No data;sales@vsshipsupplier.com;No data;No data;No data
Anchor Marine Ship Suppliers;"Ship Spares & Stores, 
Accomodation Stores, 
Deck & Hatch Equipment, 
Electrical Spares & Stores, 
Engine Spares & Stores, 
Fire Fighting Equipment, 
Galley Equipment, 
Gases, 
IT Equipment, 
Life Saving Equipment";Av v Planalto Anil III, São Luís - MA, Brazil;"""+55 98 981918580""";No data;No data;No data;No data;anchormarine@anchormarine.com.br;http://anchormarine.com.br/;No data;No data
Sameh Marine Shipping agencies Co.;"Boat Services, 
Bunkering, 
Diving & Underwater Services, 
Fire Fighting Equipment Services, 
Forwarding & Logistics Services, 
Inventory of Hazardous Materials, 
Life Saving Equipment Services, 
NDT (Non-Destructive Testing), 
OWS & ODME services, 
Radio & Navigation Services";44 Naser st - Suez - Egypt;"""+201033333278""";"""+201028888134""";No data;No data;No data;operations@samehmarine.com;SamehMarineShippingAgenciesCo.;No data;No data
EVER MARINE (SHANGHAI) SERVICE Co.,Ltd;"Boat Services, 
Forwarding & Logistics Services, 
Ship Spares & Stores, 
Accomodation Stores, 
Chemical Products, 
Deck & Hatch Equipment, 
Electrical Spares & Stores, 
Engine Spares & Stores, 
Fire Fighting Equipment, 
Galley Equipment";Room 1502, 5#, Pudong Road, Shanghai city, China;"""+86 021-5685-0889""";"""+86 021-5885-6677""";No data;No data;No data;info@emsmarineservice.com;http://www.emsmarineservice.com/;No data;No data
ABBAS SHIPPING SUPPLY AGENCY;"Boat Services, 
Forwarding & Logistics Services, 
Ship Spares & Stores, 
Accomodation Stores, 
Deck & Hatch Equipment, 
Electrical Spares & Stores, 
Engine Spares & Stores, 
Fire Fighting Equipment, 
Galley Equipment, 
Gases";-;"""92-21-32725572‬ Office""";"""92-21-‪32770704‬ Office""";"""‪92-364 4247643‬ A.O.H.""";"""‪92-21-34690316 A.O.H.""";No data;"info@abbaschandler.com; ops@abbaschandler.com; abbaschandler.qualitysupplier@gmail.com; abbasshipping@sinocoumputer.net";No data;No data;No data
Probucam S.A.;"Ship Spares & Stores, 
Accomodation Stores, 
Deck & Hatch Equipment, 
Electrical Spares & Stores, 
Engine Spares & Stores, 
Galley Equipment, 
Gases, 
Provisions, 
Slop, Sludge & Waste Disposal";Calle I # 0101 y General Francisco Robles (Esquina) Ecuador;"""+593 999427070""";"""+593 997933786""";"""+593 42446689""";No data;No data;quotations@probucam.com;https://probucam.com/;No data;No data
ELENG LLC;"Forwarding & Logistics Services, 
Life Saving Equipment Services, 
Recruitment & Manning Services, 
Remote Surveys & Inspections, 
Safety & Technical Inspections, 
Ship Spares & Stores, 
Accomodation Stores, 
Cargo Handling Equipment, 
Chemical Products, 
Deck & Hatch Equipment";Sanzhiiska road 3  67840, Molodizhne  Odessa region, Ukraine;"""+38 (048) 737 737 5""";"""+38 (0482) 30 47 30""";No data;No data;No data;ee@eleng.com;https://www.eleng.com/;No data;No data
R & G Dekytspotter Atlantic;"Ship Spares & Stores, 
Accomodation Stores, 
Chemical Products, 
Deck & Hatch Equipment, 
Electrical Spares & Stores, 
Engine Spares & Stores, 
Fire Fighting Equipment, 
Galley Equipment, 
Gases, 
IT Equipment";94 Avenue de Picot 33320 Eysines France;"""+33 5 56 16 01 16""";"""+33 620 145 576""";No data;No data;No data;"contact@dekytspotter.com; dksupply@dekytspotter.com";http://www.dekytspotter.com/;No data;No data
Atlas International Marine Services LLC;"Boat Services, 
Bunkering, 
Forwarding & Logistics Services, 
Recruitment & Manning Services, 
Remote Surveys & Inspections, 
Safety & Technical Inspections, 
Ship Agency Services, 
Ship Spares & Stores, 
Accomodation Stores, 
Chemical Products";651 N Broad St. Suite 205, Middletown, DE 19709, USA;"""+1 (380) 777 - 2190""";No data;No data;No data;No data;sales@atlas-ims.com;https://atlas-ims.com/;No data;No data
Trust Ship Chandlers & Marine Services;"Life Saving Equipment Services, 
Ship Spares & Stores, 
Accomodation Stores, 
Air Conditioning Equipment, 
Boilers & Heating Equipment, 
Cargo Handling Equipment, 
Chemical Products, 
Deck & Hatch Equipment, 
Electrical Spares & Stores, 
Engine Spares & Stores";Jordan, Aqaba , 77110 Trust Building 101, Jordan;"""+962796620662""";"""+96232030901""";No data;No data;No data;info@trustchandlers.com;TrustShipChandlers&MarineServices;No data;No data
Harbour Serve (Pvt) Ltd;"Boat Services, 
Bunkering, 
Diving & Underwater Services, 
Forwarding & Logistics Services, 
Life Saving Equipment Services, 
Safety & Technical Inspections, 
Ship Agency Services, 
Ship Spares & Stores, 
Accomodation Stores, 
Air Conditioning Equipment";Hirana, Panadura, Sri Lanka;"""+94-77-3341151""";"""+94-117-545335""";No data;No data;No data;info@hslanka.com;http://www.hslanka.com/;No data;No data
ShipMarket Co;"Boat Services, 
Ship Spares & Stores, 
Accomodation Stores, 
Chemical Products, 
Deck & Hatch Equipment, 
Provisions";130, Stanislavsky Street, apt.4, Rostov-on-Don, Russia;"""+7 (988) 564-0043""";No data;No data;No data;No data;supply@ship-market.ru;No data;No data;No data
Sea Wave – Shipchandler;"Fire Fighting Equipment Services, 
Forwarding & Logistics Services, 
Ship Spares & Stores, 
Accomodation Stores, 
Deck & Hatch Equipment, 
Electrical Spares & Stores, 
Engine Spares & Stores, 
Gases, 
IT Equipment, 
Life Saving Equipment";Rua do Outeiro 345 - Armazem 1, 4485-029 Aveleda,  Vila do Conde Portugal;"""+351 22 994 2276""";"""+351 22 996 5894""";"""+351 96 742 0987""";"""+351 967 751 203""";No data;shipsupply@seawave-lda.com;https://seawave-lda.com/;No data;No data
Allforsail, S.L.;"Fire Fighting Equipment Services, 
Forwarding & Logistics Services, 
Life Saving Equipment Services, 
Safety & Technical Inspections, 
Ship Spares & Stores, 
Accomodation Stores, 
Chemical Products, 
Deck & Hatch Equipment, 
Electrical Spares & Stores, 
Engine Spares & Stores";P.I Vilar Do Colo Parcela V5 Cabanas Ferrol 15621 a Coruna Spain;"""+34 981 492905""";"""+34 62 9350018""";"""+34 60 810 3300""";No data;No data;allforsail@allforsail.com;http://www.allforsail.com;No data;No data
White Pigeon Marine Services;"Boat Services, 
Diving & Underwater Services, 
Fire Fighting Equipment Services, 
Forwarding & Logistics Services, 
Life Saving Equipment Services, 
NDT (Non-Destructive Testing), 
Radio & Navigation Services, 
Recruitment & Manning Services, 
Safety & Technical Inspections, 
Ship Agency Services";Abd El - Moneim Riad, Port Fouad City, Port Said Governorate, EGYPT;"""+966 50 225 1455""";"""+20 10 11 858 246""";"""+20 12 77 600 999""";No data;No data;supply@W-Pigeon.Com, white.pigeon@suezcanal.net ;https://whitepigeonmarine.com/;No data;No data
BAKA SAFE SUPPLY BD;"Boat Services, 
Fire Fighting Equipment Services, 
Forwarding & Logistics Services, 
Life Saving Equipment Services, 
Slop, Sludge & Waste Disposal";-;"""+8801878633361""";No data;No data;No data;No data;"bakasafesupplybdltd@gmail.com; sales@bakasafesupply.com";http://bakasafesupply.com/;No data;No data
Pro Marine Logistics & Underwater Services Sdn Bhd;"Boat Services, 
Bunkering, 
Diving & Underwater Services, 
Forwarding & Logistics Services, 
Recruitment & Manning Services, 
Remote Surveys & Inspections, 
Ship Agency Services, 
Ship Spares & Stores, 
Provisions, 
Slop, Sludge & Waste Disposal";Lot No 6, 1st Floor, Lazenda Commercial Centre, Phase 3, Jalan OKK Abdullah, 87030 Labuan, FT, Malaysia;"""+6 087 412 888""";No data;No data;No data;No data;admin@promarinesb.com;http://www.promarinesb.com/;No data;No data
Silver Lining Marine Services;"Bunkering, 
Forwarding & Logistics Services, 
NDT (Non-Destructive Testing), 
Recruitment & Manning Services, 
Safety & Technical Inspections, 
Ship Agency Services, 
Ship Spares & Stores, 
Accomodation Stores, 
Cargo Handling Equipment, 
Chemical Products";Rahaman Vila, House #2, Lane #4 Road #2, Block-G, Halishahar H/E Chottogram, Bangladesh;"""+880 31 2517827""";"""+880 1727 611446""";No data;No data;No data;info@silvermarinebd.com;http://silvermarinebd.com/;No data;No data
PROMED;"Boat Services, 
Ship Spares & Stores, 
Accomodation Stores, 
Cargo Handling Equipment, 
Chemical Products, 
Container Equipment, 
Deck & Hatch Equipment, 
Electrical Spares & Stores, 
Engine Spares & Stores, 
Fire Fighting Equipment";Str. Prov.le Bari-Modugno 83/D 70026 Modugno (BA) Italy;"""+39 080 5367124""";No data;No data;No data;No data;promed@promedshipsupply.it, sales@promedshipsupply.it;http://www.promedshipsupply.it/;No data;No data
Friends Group Marine Services;"Boat Services, 
Forwarding & Logistics Services, 
Ship Agency Services, 
Ship Spares & Stores, 
Accomodation Stores, 
Air Conditioning Equipment, 
Chemical Products, 
Container Equipment, 
Deck & Hatch Equipment, 
Electrical Spares & Stores";Mohamed Ali & El Taqua Str, Golf Build, Arab Contractors Tower no. 60, 5nd floor office no. 14. Port Said, Egypt;"""+20 66 3234994""";"""+ 20 122 4698374""";No data;No data;No data;info@friendsgroupmarine.com, supply@friendsgroupmarine.com, technical@friendsgroupmarine.com;No data;No data;No data
Adamallys LLC;"Boat Services, 
Forwarding & Logistics Services, 
Life Saving Equipment Services, 
Ship Agency Services, 
Ship Spares & Stores, 
Accomodation Stores, 
Chemical Products, 
Deck & Hatch Equipment, 
Electrical Spares & Stores, 
Engine Spares & Stores";Umm Ramool, Old Steel Mill Road, Street 5, Dubai, United Arab Emirates;"""+971 4 284 4848""";"""+971 50 4515683""";"""+971 50 4560785""";No data;No data;adamallys@adamallysllc.com;http://www.adamallysgroup.com/;No data;No data
BALTIC-STAR  S.C.;"Fire Fighting Equipment Services, 
Forwarding & Logistics Services, 
Life Saving Equipment Services, 
Safety & Technical Inspections, 
Ship Spares & Stores, 
Accomodation Stores, 
Chemical Products, 
Deck & Hatch Equipment, 
Electrical Spares & Stores, 
Engine Spares & Stores";Aliny Pienkowskiej 58 str. 80-180 Gdansk, Poland;"""+48 501-598-883""";"""+48 501-780-560""";No data;No data;No data;office@baltic-star.pl, info@baltic-star.pl;http://www.baltic-star.pl/contact-us/;No data;No data
Deniz Ship Supply;"Forwarding & Logistics Services, 
Ship Spares & Stores, 
Accomodation Stores, 
Deck & Hatch Equipment, 
Electrical Spares & Stores, 
Engine Spares & Stores, 
Fire Fighting Equipment, 
Gases, 
IT Equipment, 
Life Saving Equipment";Evliya Celebi Mah. Nazan Sk. No:7 D:28 Tuzla, Istanbul / Turkey;"""+90 537 299 67 24""";No data;No data;No data;No data;technical@denizshipsupply.com, operation@denizshipsupply.com;http://www.denizshipsupply.com/;No data;No data
LEGEND Marine Technology Co., Ltd;"Fire Fighting Equipment Services, 
Forwarding & Logistics Services, 
Inventory of Hazardous Materials, 
Life Saving Equipment Services, 
NDT (Non-Destructive Testing), 
Radio & Navigation Services, 
Recruitment & Manning Services, 
Safety & Technical Inspections, 
Ship Spares & Stores, 
Accomodation Stores";No.2103-Unit 2 -A5 Building, Season Garden, Xugou Lianyun District, Lianyungang, P.R. China;"""＋86-15951255485  (24 hrs on duty)""";"""+ 86 -518  81061548""";No data;No data;No data;info@legendmarines.com;http://www.legendmarines.com/;No data;No data
Universal Marine Supply Ship Chandler & General Merchandise;"Forwarding & Logistics Services, 
Ship Spares & Stores, 
Accomodation Stores, 
Deck & Hatch Equipment, 
Electrical Spares & Stores, 
Engine Spares & Stores, 
Fire Fighting Equipment, 
Gases, 
IT Equipment, 
Life Saving Equipment";Blk 2 Lot 3 Scarlet St. Auburn Pace, Talon 1, Las Pinas City, 1740 - Philippines;"""+63 287 42008""";No data;No data;No data;No data;universalmarinesupply@hotmail.com;No data;No data;No data
Kayamar Ship Supply & Marine Services;"Boat Services, 
Fire Fighting Equipment Services, 
Forwarding & Logistics Services, 
Inventory of Hazardous Materials, 
Life Saving Equipment Services, 
NDT (Non-Destructive Testing), 
Safety & Technical Inspections, 
Ship Agency Services, 
Ship Spares & Stores, 
Accomodation Stores";HEAD OFFICE: Mustafa Kemal Mah.575 Sokak No:4/A  ISKENDERUN / HATAY / TURKEY ;"""+ (90) 326 6147480""";"""+90 (541) 2862753""";"""+ (90) 326 6147481""";No data;No data; info@kayamar.com, sales@kayamar.com;https://www.kayamar.net/;No data;No data
Shipping Solutions and Services Ltd™ (SSSL);"Bunkering, 
Forwarding & Logistics Services, 
Ship Agency Services, 
Ship Spares & Stores, 
Accomodation Stores, 
Cargo Handling Equipment, 
Provisions, 
Reconditioned Ship Spares, 
Used Spare Parts, 
Slop, Sludge & Waste Disposal";Unit 22 One Woodbrook Place, Port Of Spain Trinidad;"""1-868-331-4699""";"""1-868-627-3627""";No data;No data;No data;mktg3@sssltt.com;www.ShippingSolutionsAndServicesLtd.com;No data;No data
Albonian Inspection Company;"Remote Surveys & Inspections, 
Safety & Technical Inspections, 
Ship Spares & Stores, 
Accomodation Stores, 
Chemical Products, 
Deck & Hatch Equipment, 
Electrical Spares & Stores, 
Engine Spares & Stores, 
Fire Fighting Equipment, 
Gases";Souq Algiuma Bab Tajura Services Road 2nd floor, Tripoli, Lybia;"""+ 218 92 517 4570""";No data;No data;No data;No data;info@albonian.net;http://www.albonian.net/;No data;No data
Aarcon marine services;"Ship Spares & Stores, 
Provisions";Kandla, India;"""7874049983""";No data;No data;No data;No data;supply@aarconmarineservices.com;No data;No data;No data
SEALION TRADING CO.;"Boat Services, 
Diving & Underwater Services, 
Fire Fighting Equipment Services, 
Forwarding & Logistics Services, 
Life Saving Equipment Services, 
NDT (Non-Destructive Testing), 
Safety & Technical Inspections, 
Ship Spares & Stores, 
Deck & Hatch Equipment, 
Electrical Spares & Stores";P.O box 2476, 77110, Aqaba, Jordan;"""+962 3 2030102""";No data;No data;No data;No data;supply@sealionjo.com;http://www.sealionjo.com;No data;No data
United Ship Management;"Boat Services, 
Diving & Underwater Services, 
Fire Fighting Equipment Services, 
Life Saving Equipment Services, 
Safety & Technical Inspections, 
Slop, Sludge & Waste Disposal";TR. Building, Barak Mia School Road, Chittagong- port, Bangladesh;"""+88-031-716093""";No data;No data;No data;No data;No data;http://www.usmbd.com;No data;No data
Lucky Dolphin Marine Services Co.;"Boat Services, 
Bunkering, 
Fire Fighting Equipment Services, 
Forwarding & Logistics Services, 
Life Saving Equipment Services, 
Radio & Navigation Services, 
Safety & Technical Inspections, 
Ship Agency Services, 
Ship Spares & Stores, 
Accomodation Stores";Headquarter 5 Moustafa Kamel St. Port Said - Egypt;"""(+2) 066 324 4848""";No data;No data;No data;No data;info@luckydolphin.com;https://luckydolphin.com/;No data;No data
Bluemar Co. Ltd.;"Boat Services, 
Fire Fighting Equipment Services, 
Forwarding & Logistics Services, 
Life Saving Equipment Services, 
NDT (Non-Destructive Testing), 
Radio & Navigation Services, 
Safety & Technical Inspections, 
Ship Agency Services, 
Ship Spares & Stores, 
Accomodation Stores";Varna, Bulgaria, 9000;"""‎+35952953066""";"""‎+359896752245""";"""‎+359888283548""";"""‎+359878152351""";No data;sales@bluemar.co, info@bluemar.co;http://www.bluemar.co/;No data;No data
RIGEL ENGINEERING SERVICES LIMITED;"Boat Services, 
Life Saving Equipment Services, 
Radio & Navigation Services, 
Safety & Technical Inspections, 
Ship Spares & Stores, 
Accomodation Stores, 
Deck & Hatch Equipment, 
Electrical Spares & Stores, 
Engine Spares & Stores, 
Gases";45 warf Road Apapa Lagos, Nigeria ;"""+2347038266020""";"""+2349016591510""";No data;No data;No data;rigelengineeringservicesltd2@yahoo.com;No data;No data;No data
Southern Marine Services;"Boat Services, 
Bunkering, 
Diving & Underwater Services, 
Fire Fighting Equipment Services, 
Forwarding & Logistics Services, 
Inventory of Hazardous Materials, 
Life Saving Equipment Services, 
NDT (Non-Destructive Testing), 
OWS & ODME services, 
Radio & Navigation Services";1557/255 Hazipara Singapore Market, Agrabad Excess Road,  Chittagong, Bangladesh;"""+880 31 724510""";No data;No data;No data;No data;technical@southern-marine.net;http://www.southern-marine.net/;No data;No data
SIA SOL S;"Boat Services, 
Fire Fighting Equipment Services, 
Forwarding & Logistics Services, 
Life Saving Equipment Services, 
Safety & Technical Inspections, 
Ship Agency Services, 
Ship Spares & Stores, 
Accomodation Stores, 
Chemical Products, 
Deck & Hatch Equipment";Ozolu street 28 Jaunmarupe, Latvia LV-2167;"""+371 67 601 701""";No data;No data;No data;No data;supply@sol-s.lv;https://www.sol-s.lv;No data;No data
Baycorp Group;"Fire Fighting Equipment Services, 
Forwarding & Logistics Services, 
Safety & Technical Inspections, 
Ship Agency Services, 
Ship Spares & Stores, 
Accomodation Stores, 
Air Conditioning Equipment, 
Cargo Handling Equipment, 
Chemical Products, 
Deck & Hatch Equipment";Kashfia Plaza (2nd Floor), 923/A Sk. Mujib Road, Agrabad C/A, Chittagong -4100, Bangladesh;"""+880 31 711625""";No data;No data;No data;No data;operation@baycorp-bd.com;https://baycorp-bd.com/;No data;No data
Seaworld Maritime;"Boat Services, 
Forwarding & Logistics Services, 
Ship Spares & Stores, 
Chemical Products, 
Deck & Hatch Equipment, 
Electrical Spares & Stores, 
Engine Spares & Stores, 
Gases, 
IT Equipment, 
Life Saving Equipment";-;"""+91 8050664668""";"""+91 8242483668""";No data;No data;No data;seaworldsupply@gmail.com, info@seaworldmaritime.co.in;http://ww.seaworldmaritime.co.in/;No data;No data
Supply Force One;"Boat Services, 
Ship Spares & Stores, 
Accomodation Stores, 
Deck & Hatch Equipment, 
Electrical Spares & Stores, 
Engine Spares & Stores, 
Gases, 
IT Equipment, 
Life Saving Equipment, 
Luboils";via Guido Agosti, 148 16152 - Genova, Italy;"""+39 010 45 58 180""";"""+39 345 2435480""";No data;No data;No data;info@supplyforceone.it;https://www.supplyforceone.it/;No data;No data
AYK PROVISION AND SHIP SUPPLY;"Ship Spares & Stores, 
Deck & Hatch Equipment, 
Electrical Spares & Stores, 
Engine Spares & Stores, 
Gases, 
IT Equipment, 
Life Saving Equipment, 
Provisions, 
Radio & Navigation Equipment, 
Yacht Equipment & Consumables";Konak Mah. Cumhuriyet Blv. Cumhuriyet Is Merkezi No:26 Ic Kapı No:601 Konak/IZMIR Turkey;"""+90 553 644 28 40""";No data;No data;No data;No data;info@olloyi.com.tr, sales@olloyi.com.tr;https://olloyi.com.tr/;No data;No data
OSS MARITIME GROUP PTY LTD;"Boat Services, 
Diving & Underwater Services, 
Fire Fighting Equipment Services, 
Forwarding & Logistics Services, 
Life Saving Equipment Services, 
Ship Spares & Stores, 
Accomodation Stores, 
Air Conditioning Equipment, 
Ballast Equipment, 
Boilers & Heating Equipment";Dockland Highway 85 Moreland Street, Footscray, VIC 3011, Melbourne, Australia;"""+61-3-9687-6622""";"""+61-3-9687-6869""";No data;No data;No data;services@maritimegroup.com.au;http://www.ossmaritimegroup.com.au/;No data;No data
ANCHOR CONCIERGE LTD.;"Boat Services, 
Bunkering, 
Diving & Underwater Services, 
Fire Fighting Equipment Services, 
Radio & Navigation Services, 
Recruitment & Manning Services, 
Ship Agency Services, 
Ship Spares & Stores, 
Accomodation Stores, 
Deck & Hatch Equipment";Falmouth Harbour Marina, English Harbour, Antigua, West Indies;"""+1 (268) 734-1865""";"""+1 (268) 734-1865""";"""+1 (268) 734-3865""";No data;No data;info@anchorcsys.com;https://anchorconciergeltd.com/;No data;No data
NORTH STAR SHIPPING LTD;"Boat Services, 
Forwarding & Logistics Services, 
Ship Agency Services, 
Ship Spares & Stores, 
Accomodation Stores, 
Deck & Hatch Equipment, 
Electrical Spares & Stores, 
Engine Spares & Stores, 
Gases, 
IT Equipment";#1 Yellow Pine Plaza Freeport, Grand Bahama Island, Bahamas;"""(242) 225-8706""";"""(242) 225-7824""";"""(954) 246-4957 (US Line)""";No data;No data;ops@ns-ship.com;https://northstarshipping.ltd/;No data;No data
KAIROS MARITIME;"Boat Services, 
Bunkering, 
Forwarding & Logistics Services, 
Recruitment & Manning Services, 
Ship Agency Services, 
Ship Spares & Stores, 
Accomodation Stores, 
Chemical Products, 
Deck & Hatch Equipment, 
Electrical Spares & Stores";#1 Fishing Hole Road, Grand Bahama Island, Bahamas;"""+ 1242 352 2221""";"""+1 242 727 5007""";No data;No data;No data;ops@kairosmaritime.com;http://www.kairosmaritime.com/;No data;No data
Arising Ship Chandler (Arising Courier Service) Bahamas;"Boat Services, 
Bunkering, 
Forwarding & Logistics Services, 
Ship Agency Services, 
Ship Spares & Stores, 
Accomodation Stores, 
Deck & Hatch Equipment, 
Electrical Spares & Stores, 
Engine Spares & Stores, 
Gases";A.C.S Freeport #12 Lucaya Shopping Center. Freeport, Bahamas, P.O. Box F-44042;"""(242) 374 4864""";No data;No data;No data;No data;No data;http://arisingcourierservice.com/;No data;No data
Steyr Motors Betriebs GmbH;"Ship Spares & Stores, 
Engine Spares & Stores, 
Provisions, 
Yacht Equipment & Consumables";Im Stadtgut B1 A-4407 Steyr Austria;"""+43 7252 222 - 0""";"""+43 7252 222 - 29""";No data;No data;No data;No data;http://www.steyr-motors.com/;No data;No data
CHILE SHIPS SERVICES;"Boat Services, 
Forwarding & Logistics Services, 
Ship Agency Services, 
Ship Spares & Stores, 
Accomodation Stores, 
Chemical Products, 
Container Equipment, 
Deck & Hatch Equipment, 
Electrical Spares & Stores, 
Engine Spares & Stores";Avenida los valles 225, Pudahuel, Santiago, Chile;"""+56 9 39100152""";"""+56 9 39100153""";"""+56 9 39100154""";No data;No data;operations@chiless.cl;https://chiless.cl/;No data;No data
Organizações Anchor, Limitida;"Boat Services, 
Forwarding & Logistics Services, 
Ship Spares & Stores, 
Accomodation Stores, 
Chemical Products, 
Deck & Hatch Equipment, 
Electrical Spares & Stores, 
Engine Spares & Stores, 
Gases, 
IT Equipment";Estrada direita de Cacuaco, Porto Pesqueiro da Boa Vista, Luanda, Luanda, 637 - Angola ;"""+244 918 84 47 26""";"""+244 924 08 10 38""";No data;No data;No data;shipping@organchor.com;https://www.organchor.com;No data;No data
Quality Maritime Provider Lda;"Boat Services, 
Bunkering, 
Fire Fighting Equipment Services, 
Forwarding & Logistics Services, 
Ship Agency Services, 
Ship Spares & Stores, 
Accomodation Stores, 
Air Conditioning Equipment, 
Deck & Hatch Equipment, 
Electrical Spares & Stores";37, Dr Jose Perreira De Nascimento, Luanda, Angola;"""+244 923 327 050""";"""+244 923 440 459""";No data;No data;No data; angola@qmpangola.com, sss.angola@qmpangola.com;http://www.qmpangola.com/;No data;No data
Marintel;"Radio & Navigation Services, 
Ship Spares & Stores, 
Provisions, 
Radio & Navigation Equipment";111 Badamdar highway Sabail district, Baku, Azerbaijan, AZ1021;"""+994 12 3102038/39""";No data;No data;No data;No data;operations@marintel.com;https://www.marintel.com/;No data;No data
Ocean Fair International Group FZE;"Fire Fighting Equipment Services, 
Forwarding & Logistics Services, 
Life Saving Equipment Services, 
Radio & Navigation Services, 
Ship Spares & Stores, 
Accomodation Stores, 
Deck & Hatch Equipment, 
Electrical Spares & Stores, 
Engine Spares & Stores, 
Gases";National Industries Park, Jebel Ali, P.O. Box 263026 Dubai, UAE;"""+971 (4) 821 7333""";"""+971 (4) 821 7444""";No data;No data;No data;operations@oceanfair.com;http://www.oceanfair.com/;No data;No data
Al Jazeera Shipping Co.;"Boat Services, 
Bunkering, 
Forwarding & Logistics Services, 
Life Saving Equipment Services, 
Ship Spares & Stores, 
Accomodation Stores, 
Cargo Handling Equipment, 
Chemical Products, 
Container Equipment, 
Deck & Hatch Equipment";Office 98, Road 42, Block 343 Mina Salman Industrial Area Kingdom of Bahrain;"""+973 17728837""";"""+97317728217""";No data;No data;No data;almelaha@ajsco.com;https://ajsco.com/;No data;No data
SEALANES;"Forwarding & Logistics Services, 
Life Saving Equipment Services, 
Ship Spares & Stores, 
Accomodation Stores, 
Chemical Products, 
Container Equipment, 
Deck & Hatch Equipment, 
Electrical Spares & Stores, 
Engine Spares & Stores, 
Gases";178 Marine Terrace South Fremantle Western Australia 6162;"""+61 (08) 9432 8888""";"""+61 (08) 6270 5467""";No data;No data;No data;info@sealanes.com.au, foodservice@sealanes.com.au;https://www.sealanes.com.au/;No data;No data
Navalia S.A.;"Forwarding & Logistics Services, 
Life Saving Equipment Services, 
Ship Agency Services, 
Ship Spares & Stores, 
Accomodation Stores, 
Cargo Handling Equipment, 
Chemical Products, 
Container Equipment, 
Deck & Hatch Equipment, 
Electrical Spares & Stores";25 de Mayo 250 , Off. 3 9410 Ushuaia Argentina;"""+54 2901 432749""";"""+54 2901 424470""";No data;No data;No data;shipsuppliers@navalia.com.ar;No data;No data;No data
Mario Tsioulis S.A.;"Boat Services, 
Forwarding & Logistics Services, 
Life Saving Equipment Services, 
Ship Spares & Stores, 
Accomodation Stores, 
Cargo Handling Equipment, 
Chemical Products, 
Container Equipment, 
Deck & Hatch Equipment, 
Electrical Spares & Stores";Chacabuso 2014 S2000FIH Rosario Santa Fe Argentina;"""+54 341 482 7510""";"""+54 341 485 0006""";"""+54 9 341 468 7253""";"""+54 9 341 402 7139""";No data;info@tsioulis.com;No data;No data;No data
INS ARGENTINA SRL;"Boat Services, 
Forwarding & Logistics Services, 
Life Saving Equipment Services, 
Ship Spares & Stores, 
Accomodation Stores, 
Cargo Handling Equipment, 
Chemical Products, 
Container Equipment, 
Deck & Hatch Equipment, 
Electrical Spares & Stores";Pacto Federal 8535, Rosario, Santa Fe, Argentina;"""+54 341 2221554""";"""+54 9 341 6489053 (24/7)""";No data;No data;No data;info@insarg.com;https://www.insarg.com/;No data;No data
Barcelo Ship Supply S.R.L.;"Boat Services, 
Forwarding & Logistics Services, 
Life Saving Equipment Services, 
Ship Spares & Stores, 
Accomodation Stores, 
Chemical Products, 
Container Equipment, 
Deck & Hatch Equipment, 
Electrical Spares & Stores, 
Engine Spares & Stores";San Lorenzo 4440, S2002KRH Rosario, Argentina;"""+ 54 341 439 4809""";"""+54 341 438 1413""";No data;No data;No data;barcelo@barcelohnos.com;http://barcelohnos.com/;No data;No data
Whale Maritime;"Ship Spares & Stores, 
Accomodation Stores, 
Air Conditioning Equipment, 
Ballast Equipment, 
Boilers & Heating Equipment, 
Chemical Products, 
Container Equipment, 
Deck & Hatch Equipment, 
Electrical Spares & Stores, 
Engine Spares & Stores";Valencia;"""0034961160264""";No data;No data;No data;No data;sales@whalemaritime.com;WhaleMaritime;No data;No data
Njord Ship Supply;"Boat Services, 
Life Saving Equipment Services, 
Ship Spares & Stores, 
Accomodation Stores, 
Deck & Hatch Equipment, 
Electrical Spares & Stores, 
Engine Spares & Stores, 
Gases, 
IT Equipment, 
Medical Supply";Urbanización Zarabon, Conjunto, Residencial Balcones de Paraguana II, Torre 23 – 3C. Punto Fijo Estado, Falcon, Peninsula de Paraguana, Venezuela;"""+58 269 248 1271""";No data;No data;No data;No data;info@njordagency.com.ve;http://njordagency.com.ve/;No data;No data
Admiral Harding Ltd;"Boat Services, 
Forwarding & Logistics Services, 
Life Saving Equipment Services, 
Ship Spares & Stores, 
Accomodation Stores, 
Deck & Hatch Equipment, 
Electrical Spares & Stores, 
Engine Spares & Stores, 
IT Equipment, 
Provisions";Unit C The Nova Distribution Centre Nova Way Avonmouth Bristol BS11 9DJ UK;"""+44 117 982 1229""";"""+44 1454 294381""";No data;No data;No data;info@admiralharding.com;http://www.admiralharding.com;No data;No data
United Shipchandlers Ltd.;"Forwarding & Logistics Services, 
Ship Spares & Stores, 
Accomodation Stores, 
Deck & Hatch Equipment, 
Electrical Spares & Stores, 
Engine Spares & Stores, 
Gases, 
IT Equipment, 
Life Saving Equipment, 
Luboils";Unit 4, 8/F., Asia Logistics, Hub – SF Centre,  36 Hong Wan Road,  Tsing Yi, N.T. Hong Kong;"""+852 2816 7228""";"""+852 6684 2661""";"""+852 5606 3912""";"""+852 6198 7753""";No data;info@unitedshipchandlers.com;http://www.unitedshipchandlers.com/;No data;No data
Berg & Larsen A/S;"Forwarding & Logistics Services, 
Ship Spares & Stores, 
Accomodation Stores, 
Air Conditioning Equipment, 
Ballast Equipment, 
Boilers & Heating Equipment, 
Cargo Handling Equipment, 
Chemical Products, 
Container Equipment, 
Deck & Hatch Equipment";Baldersbuen 29B DK 2640 Hedehusene Denmark;"""+45 7244 0300""";"""+45 4656 5711""";No data;No data;No data;spares@berg-larsen.com;https://berg-larsen.com/;No data;No data
World Seas Ship Chandlers;"Boat Services, 
Forwarding & Logistics Services, 
Life Saving Equipment Services, 
Ship Spares & Stores, 
Accomodation Stores, 
Chemical Products, 
Deck & Hatch Equipment, 
Electrical Spares & Stores, 
Engine Spares & Stores, 
Gases";P.O. Box 11836 , Diplomatic Area, Manama, Kingdom of Bahrain;"""+973 77004681/2""";"""+973 17331071""";"""+973 77068177""";No data;No data;"info@wsssportservices.com; info@wsshipchandlers.com";http://www.wsssportservices.com/;No data;No data
Victory Marine Services W.L.L.;"Forwarding & Logistics Services, 
Life Saving Equipment Services, 
Ship Spares & Stores, 
Accomodation Stores, 
Deck & Hatch Equipment, 
Electrical Spares & Stores, 
Engine Spares & Stores, 
Gases, 
IT Equipment, 
Medical Supply";Office No 12, Building No 21, Road 384, Block 306, P.O. Box 54328, Manama, Kingdom of Bahrain;"""+973 1770 2731""";"""+973 1770 2741""";No data;No data;No data;opsbahrain@vms-world.com;https://www.vms-world.com;No data;No data
Seven Seas Marine Services W.L.L.;"Forwarding & Logistics Services, 
Life Saving Equipment Services, 
Ship Spares & Stores, 
Accomodation Stores, 
Chemical Products, 
Container Equipment, 
Deck & Hatch Equipment, 
Electrical Spares & Stores, 
Engine Spares & Stores, 
Gases";Hidd Industrial Area, LVM Logistics Village, Warehouse #11,Block # 115, Building # 2547, Road # 1535 Hidd, Kingdom of Bahrain;"""+973 17 592292""";"""+973 17 592293""";No data;No data;No data;supply.bahrain@sevenseasgroup.com;http://www.sevenseasgroup.com/;No data;No data
Fine Foods;"Ship Spares & Stores, 
Provisions";P.O Box 302 - Manama, Kingdom of Bahrain;"""+973 17729595""";"""+973 17729596""";No data;No data;No data;"sales@finefoodsbah.com; shipchandling@finefoodsbah.com";http://www.finefoodsbah.com/;No data;No data
Carlton & United Breweries;"Ship Spares & Stores, 
Provisions";77 Southbank Boulevard Southbank Victoria 3006 Australia;"""+61 3 8626 2000""";No data;No data;No data;No data;cubcccdutyfree@cub.com.au;http://www.cub.com.au;No data;No data
Total Marine Supply & Logistics Pty Ltd;"Boat Services, 
Forwarding & Logistics Services, 
Life Saving Equipment Services, 
Ship Spares & Stores, 
Accomodation Stores, 
Chemical Products, 
Deck & Hatch Equipment, 
Electrical Spares & Stores, 
Engine Spares & Stores, 
Gases";2/680 Somerville Rd, Sunshine West VIC 3020 Australia;"""+61 (03) 9311 4800""";"""+61 (03) 9311 3077""";No data;No data;No data;sales@totalmarine.net.au;http://www.totalmarine.net.au/;No data;No data
Pegasus Supply Solutions;"Ship Spares & Stores, 
IT Equipment, 
Provisions";71-73 Railway Parade Marrickville NSW 2204 Australia;"""+61 2 8307 0765""";No data;No data;No data;No data;info@pegasussupply.com.au;http://www.pegasussupply.com.au/;No data;No data
Interport Marine Pty Ltd;"Ship Spares & Stores, 
Accomodation Stores, 
Deck & Hatch Equipment, 
Electrical Spares & Stores, 
Engine Spares & Stores, 
IT Equipment, 
Provisions";Unit 2, 6 Depot Road Mortdale NSW 2223 Australia;"""+61 2 9153 7555""";"""+61 2 9153 7588""";No data;No data;No data;info@interportmarine.com.au;http://www.interportmarine.com.au;No data;No data
Global Machinery Technologies Pty Ltd;"Ship Spares & Stores, 
Accomodation Stores, 
Deck & Hatch Equipment, 
Electrical Spares & Stores, 
Engine Spares & Stores, 
IT Equipment, 
Provisions";Suite 34/ 370 The Kingsway Caringbah, Sydney NSW 2229 Australia;"""+61 2 8536 0777""";No data;No data;No data;No data;support@globalmachinery.net.au;http://www.globalmachinery.net.au;No data;No data
Ocean Services (Newcastle) Pty Ltd;"Ship Spares & Stores, 
Accomodation Stores, 
Deck & Hatch Equipment, 
Electrical Spares & Stores, 
Engine Spares & Stores, 
IT Equipment, 
Provisions";Unit 3/34 Portside Crescent, Wickham NSW 2293 Australia;"""+61 2 4962 4224""";"""+61 2 4962 4223""";No data;No data;No data;newcastle@oceanservices.com.au;http://www.oceanservices.com.au/;No data;No data
NK Marine Pty Ltd;"Ship Spares & Stores, 
Accomodation Stores, 
Deck & Hatch Equipment, 
Electrical Spares & Stores, 
Engine Spares & Stores, 
IT Equipment, 
Provisions, 
Radio & Navigation Equipment";Unit 34, 54 Clyde Street Hamilton North NSW 2292 Australia;"""+61 2 4965 4622""";"""+61 2 4961 5728""";No data;No data;No data;newcastle@nkmarine.com.au;http://nkmarine.com.au;No data;No data
Golden Harvest Australia Pty Ltd;"Ship Spares & Stores, 
Accomodation Stores, 
Deck & Hatch Equipment, 
Electrical Spares & Stores, 
Engine Spares & Stores, 
IT Equipment, 
Provisions";FY20, 100-104 Pipe Rd., Laverton North Victoria 3026 Australia;"""+61 3 8360 3984""";"""+61 3 8360 3985""";No data;No data;No data;australia@cn-goldenharvest.com;http://cn-goldenharvest.com;No data;No data
Tasmanian Shipping Supplies;"Boat Services, 
Forwarding & Logistics Services, 
Life Saving Equipment Services, 
Ship Spares & Stores, 
Accomodation Stores, 
Chemical Products, 
Deck & Hatch Equipment, 
Electrical Spares & Stores, 
Engine Spares & Stores, 
Gases";Port Tower Building, 18 Hunter Street Hobart, Tasmania 7000 Australia;"""+61 3 6235 7100""";No data;No data;No data;No data;tasshipping@fader.com.au;https://www.tasshipping.com/;No data;No data
Vikki Ship Supplies Pty Ltd;"Forwarding & Logistics Services, 
Life Saving Equipment Services, 
Ship Spares & Stores, 
Accomodation Stores, 
Deck & Hatch Equipment, 
Electrical Spares & Stores, 
Engine Spares & Stores, 
Gases, 
IT Equipment, 
Provisions";36 Toolooa Street Gladstone Queensland 4680 Australia;"""+61 7 4972 0011""";"""+61 7 4972 7600""";No data;No data;No data;sales@vikkishipsupplies.com.au;No data;No data;No data
Australian Providoring & Trading Co;"Ship Spares & Stores, 
Accomodation Stores, 
Deck & Hatch Equipment, 
Electrical Spares & Stores, 
Engine Spares & Stores, 
IT Equipment, 
Provisions";PO Box 185 Banyo Queensland 4014 Australia;"""+61 7 3267 0600""";"""+61 7 3267 0700""";No data;No data;No data;shipsup@marinesupply.com.au;http://www.marinesupply.com.au;No data;No data
Sinwa Australia Pty Ltd;"Forwarding & Logistics Services, 
Life Saving Equipment Services, 
Ship Spares & Stores, 
Accomodation Stores, 
Cargo Handling Equipment, 
Chemical Products, 
Container Equipment, 
Deck & Hatch Equipment, 
Electrical Spares & Stores, 
Engine Spares & Stores";39 Jessie Lee Street Henderson Western Australia 6166;"""+61 8 9494 7500""";"""+61 8 9437 3957""";No data;No data;No data;"australia@sinwaglobal.com; sales.perth@sinwaglobal.com";http://www.sinwaglobal.com/;No data;No data
Allstates Marine & Food Services;"Ship Spares & Stores, 
Provisions";71 Cocos Drive Bibra Lake, WA 6163 Australia;"""+61 409 908 879""";No data;No data;No data;No data;sales@allstatesmarine.com.au;http://www.allstatesmarine.com.au;No data;No data
Southern Cross Marine Supplies Pty Ltd.;"Boat Services, 
Forwarding & Logistics Services, 
Life Saving Equipment Services, 
Ship Spares & Stores, 
Accomodation Stores, 
Chemical Products, 
Container Equipment, 
Deck & Hatch Equipment, 
Electrical Spares & Stores, 
Engine Spares & Stores";120 Commercial road Port Adelaide SA 5015 Australia;"""+61 8 8241 0143""";"""+61 8 8241 0402""";No data;No data;No data;gsm@scms.com.au;http://www.scms.com.au/;No data;No data
Coast to Coast Services Pty Ltd;"Life Saving Equipment Services, 
Ship Spares & Stores, 
Accomodation Stores, 
Deck & Hatch Equipment, 
Electrical Spares & Stores, 
Engine Spares & Stores, 
IT Equipment, 
Mooring Equipment, 
Provisions";PO BOX 447 Port Adelaide, South Australia 5015;"""+61 8 8240 0450""";"""+61 8 8240 0449""";No data;No data;No data;sales@coast2coastservices.com;http://www.coast2coastservices.com/;No data;No data
Prompt Suppliers S.A.;"Life Saving Equipment Services, 
Ship Spares & Stores, 
Accomodation Stores, 
Chemical Products, 
Deck & Hatch Equipment, 
Electrical Spares & Stores, 
Engine Spares & Stores, 
IT Equipment, 
Provisions, 
Radio & Navigation Equipment";Caboto 1043 C1157 Buenos Aires Argentina;"""+54 11 4300 6804 / 5441 / 6807""";"""+54 911 60984931""";"""+54 911 60983620""";No data;No data;sales@promptsuppliers.com;No data;No data;No data
Mattina Hnos. S.A.C.I.A.N.;"Life Saving Equipment Services, 
Ship Spares & Stores, 
Accomodation Stores, 
Air Conditioning Equipment, 
Chemical Products, 
Deck & Hatch Equipment, 
Electrical Spares & Stores, 
Engine Spares & Stores, 
IT Equipment, 
Provisions";G. A. de Lamadrid 434 C1166AAH Buenos Aires Argentina;"""+54 11 4303 2293-6""";"""+54 11 4303 2431 (Fax)""";No data;No data;No data;ops@mattina-sa.com.ar;https://www.mattina-sa.com.ar/en/english/;No data;No data
J C Marsano S.R.L.;"Ship Spares & Stores, 
Accomodation Stores, 
Air Conditioning Equipment, 
Chemical Products, 
Electrical Spares & Stores, 
Engine Spares & Stores, 
IT Equipment, 
Provisions";G A De Lamadrid 334 C1166AAH Buenos Aires Argentina;"""+54 11 4301 3424 / 0749""";No data;No data;No data;No data;"juancarlos@marsanogroup.com; oscar@marsanogroup.com";No data;No data;No data
IFISA S.A.;"Ship Spares & Stores, 
Accomodation Stores, 
Air Conditioning Equipment, 
Ballast Equipment, 
Boilers & Heating Equipment, 
Cargo Handling Equipment, 
Electrical Spares & Stores, 
Engine Spares & Stores, 
IT Equipment, 
Provisions";BUCARELLI 1169 PARQUE CHAS, C1427BDE C.A.B.A, ARGENTINA;"""+54 11 5648 6648""";"""+54 11 5648 6649""";"""+54 11 4523 0042""";No data;No data;shipsupplier@ifisa.com, ventas@ifisa.com;http://www.ifisa.com/;No data;No data
Buenos Aires Top Co. S. A.;"Life Saving Equipment Services, 
Ship Spares & Stores, 
Accomodation Stores, 
Air Conditioning Equipment, 
Ballast Equipment, 
Boilers & Heating Equipment, 
Cargo Handling Equipment, 
Deck & Hatch Equipment, 
Electrical Spares & Stores, 
Engine Spares & Stores";California 655 C1168AAA - Buenos Aires Argentina;"""+54 11 4303 0651 (Auto Rev)""";"""+ 54 911 4997 6520""";No data;No data;No data;sales@buenosairestop.com;No data;No data;No data
Stefanu Shipsuppliers S.A.;"Life Saving Equipment Services, 
Ship Spares & Stores, 
Accomodation Stores, 
Deck & Hatch Equipment, 
Engine Spares & Stores, 
IT Equipment, 
Mooring Equipment, 
Provisions, 
Radio & Navigation Equipment";Brown 3698 CP-8103 Puerto de Bahia Blanca Pcia de Buenos Aires Argentina;"""+54 (0) 291 4573107""";"""+54 (0) 291 4573107 (Fax)""";No data;No data;No data;stefchandler@bvconline.com.ar;No data;No data;No data
Provimar Argentina;"Ship Spares & Stores, 
Accomodation Stores, 
Chemical Products, 
Deck & Hatch Equipment, 
Electrical Spares & Stores, 
Engine Spares & Stores, 
IT Equipment, 
Life Saving Equipment, 
Provisions, 
Shipbuilding & Ship Repair Services";Pcia Buenos Aires, Santa Fe 464 Argentina;"""+54 (0) 291 451 5246 / 453 1685""";"""+54 (0) 291 451 5246/ 455 1685""";"""+54 (0) 291 155 049183""";"""+54 (0) 291 155 049298""";No data;provimar@arnet.com.ar;No data;No data;No data
